[
     {
          "algorithm": "A hybrid strategy combining exponential edge-frequency penalization, adaptive structural rewards based on node centrality, and non-linear distance reshaping to dynamically escape local optima.",
          "code": "import numpy as np\n\ndef update_edge_distance(edge_distance, local_opt_tour, edge_n_used):\n    num_nodes = edge_distance.shape[0]\n    updated_edge_distance = edge_distance.copy()\n    \n    # Step 1: Adaptive structural rewards - Reward edges based on node centrality in the local tour\n    degree_centrality = np.zeros(num_nodes)\n    for i in range(len(local_opt_tour)):\n        u = local_opt_tour[i]\n        v = local_opt_tour[(i + 1) % len(local_opt_tour)]\n        degree_centrality[u] += 1\n        degree_centrality[v] += 1\n    structural_rewards = np.zeros((num_nodes, num_nodes))\n    for i in range(len(local_opt_tour)):\n        u = local_opt_tour[i]\n        v = local_opt_tour[(i + 1) % len(local_opt_tour)]\n        reward = np.log(1 + degree_centrality[u]) + np.log(1 + degree_centrality[v])\n        structural_rewards[u, v] += reward\n        structural_rewards[v, u] += reward\n    \n    # Step 2: Exponential edge-frequency penalization - Stronger penalties for overused edges\n    frequency_penalty = 0.5 * (np.exp(edge_n_used / np.max(edge_n_used)) - 1)\n    \n    # Step 3: Non-linear distance reshaping - Reshape distances using a quadratic scaling factor\n    avg_edge_distance = np.mean(edge_distance[edge_distance > 0])\n    reshaped_distance = (edge_distance < avg_edge_distance).astype(float) * (edge_distance ** 2) * 0.1\n    \n    # Combine all components\n    updated_edge_distance += structural_rewards - frequency_penalty + reshaped_distance\n    \n    # Ensure no negative distances\n    updated_edge_distance = np.maximum(updated_edge_distance, 0)\n    \n    return updated_edge_distance",
          "objective": 0.22093,
          "other_inf": null,
          "metadata": {
               "operator": "m2",
               "wisdom_tips": [
                    "Employ adaptive weighting mechanisms that adjust based on instance-specific feedback to enhance robustness and scalability across problem domains.",
                    "Use adaptive weighting schemes to reshape decision landscapes based on evolving problem-specific feedback.",
                    "Design adaptive hybrid meta-heuristics synergistically fusing multiple search paradigms and dynamically tune operator parameters based on search stage or problem features"
               ],
               "attention_focus": "experimenting with hybrid strategy combinations",
               "generation_tendency": "focus_exploration",
               "timestamp": 1757152304.716039
          }
     },
     {
          "algorithm": "A hybrid strategy that integrates entropy-driven structural reinforcement with adaptive curvature-based penalties to dynamically reshape the search landscape and escape local optima.",
          "code": "import numpy as np\n\ndef update_edge_distance(edge_distance, local_opt_tour, edge_n_used):\n    num_nodes = edge_distance.shape[0]\n    updated_edge_distance = edge_distance.copy()\n    \n    # Step 1: Entropy-driven structural reinforcement - Reward edges based on diversity of connections using entropy\n    degree_distribution = np.sum(edge_n_used > 0, axis=1) / (num_nodes - 1)\n    entropy = -np.sum(degree_distribution * np.log(degree_distribution + 1e-10))\n    structural_rewards = np.zeros((num_nodes, num_nodes))\n    for i in range(len(local_opt_tour)):\n        u = local_opt_tour[i]\n        v = local_opt_tour[(i + 1) % len(local_opt_tour)]\n        structural_rewards[u, v] += entropy * 0.3\n        structural_rewards[v, u] += entropy * 0.3\n    \n    # Step 2: Adaptive curvature-based penalties - Penalize edges using a curvature-inspired non-linear function\n    curvature_penalty = np.sqrt(edge_n_used + 1) * np.log(edge_n_used + 1) * 0.2\n    \n    # Step 3: Hybrid noise modulation - Inject noise adaptively based on edge distance variance\n    distance_variance = np.var(edge_distance, axis=1)\n    variance_factor = np.outer(distance_variance, distance_variance)\n    hybrid_noise = variance_factor * (np.random.rand(num_nodes, num_nodes) - 0.5) * 0.15\n    \n    # Combine all components\n    updated_edge_distance += structural_rewards - curvature_penalty + hybrid_noise\n    \n    # Ensure no negative distances\n    updated_edge_distance = np.maximum(updated_edge_distance, 0)\n    \n    return updated_edge_distance",
          "objective": 0.29193,
          "other_inf": null,
          "metadata": {
               "operator": "e2",
               "wisdom_tips": [
                    "Dynamically integrate structural perturbations with adaptive scaling techniques to balance exploration and exploitation effectively.",
                    "Leverage problem-specific feedback through non-linear transformations and penalization strategies to iteratively refine solution quality.",
                    "Integrate structural perturbations with usage-aware penalties to balance exploration and exploitation dynamically."
               ],
               "attention_focus": "experimenting with hybrid strategy combinations",
               "generation_tendency": "focus_exploration",
               "timestamp": 1757152191.9429061
          }
     },
     {
          "algorithm": "```",
          "code": "import numpy as np\n\ndef update_edge_distance(edge_distance, local_opt_tour, edge_n_used):\n    num_nodes = edge_distance.shape[0]\n    updated_edge_distance = edge_distance.copy()\n    \n    # Step 1: Simplified structural reinforcement - Reward edges based on usage frequency\n    usage_rewards = np.zeros((num_nodes, num_nodes))\n    for i in range(len(local_opt_tour)):\n        u = local_opt_tour[i]\n        v = local_opt_tour[(i + 1) % len(local_opt_tour)]\n        usage_rewards[u, v] += 1.0 / (edge_n_used[u, v] + 1)\n        usage_rewards[v, u] += 1.0 / (edge_n_used[v, u] + 1)\n    \n    # Step 2: Simplified penalty mechanism - Penalize overused edges linearly\n    overuse_penalty = edge_n_used * 0.1\n    \n    # Step 3: Simplified noise modulation - Inject uniform noise scaled by global variance\n    global_variance = np.var(edge_distance)\n    simplified_noise = global_variance * (np.random.rand(num_nodes, num_nodes) - 0.5) * 0.1\n    \n    # Combine simplified components\n    updated_edge_distance += usage_rewards - overuse_penalty + simplified_noise\n    \n    # Ensure no negative distances\n    updated_edge_distance = np.maximum(updated_edge_distance, 0)\n    \n    return updated_edge_distance",
          "objective": 0.30705,
          "other_inf": null,
          "metadata": {
               "operator": "m3",
               "wisdom_tips": [
                    "Use adaptive weighting schemes to reshape decision landscapes based on evolving problem-specific feedback.",
                    "Dynamically reshape the solution landscape by combining structural reinforcement with penalty mechanisms to escape local optima and encourage exploration.",
                    "Use adaptive weighting and frequency-based penalties to balance exploitation of known good solutions with exploration of underutilized options."
               ],
               "attention_focus": "experimenting with hybrid strategy combinations",
               "generation_tendency": "focus_exploration",
               "timestamp": 1757152405.819646
          }
     },
     {
          "algorithm": "Adaptive hybrid strategy combining exponential edge-frequency penalization, non-linear structural rewards, and dynamic distance reshaping based on local feedback.",
          "code": "import numpy as np\n\ndef update_edge_distance(edge_distance, local_opt_tour, edge_n_used):\n    num_nodes = edge_distance.shape[0]\n    updated_edge_distance = edge_distance.copy()\n    \n    # Step 1: Non-linear structural rewards - Exponential adjustment based on local tour structure\n    structural_rewards = np.zeros((num_nodes, num_nodes))\n    for i in range(len(local_opt_tour)):\n        u = local_opt_tour[i]\n        v = local_opt_tour[(i + 1) % len(local_opt_tour)]\n        structural_rewards[u, v] += np.exp(-0.5 * edge_distance[u, v])\n        structural_rewards[v, u] += np.exp(-0.5 * edge_distance[u, v])\n    \n    # Step 2: Exponential edge-frequency penalization - Non-linear scaling for overused edges\n    frequency_penalty = 1 - np.exp(-edge_n_used * 0.3)\n    \n    # Step 3: Dynamic distance reshaping - Adaptive weights based on instance-specific feedback\n    avg_edge_distance = np.mean(edge_distance[edge_distance > 0])\n    reshaped_distance = edge_distance * (1 - np.tanh((edge_distance - avg_edge_distance) / avg_edge_distance))\n    \n    # Combine all components\n    updated_edge_distance += structural_rewards - frequency_penalty + reshaped_distance\n    \n    # Ensure no negative distances\n    updated_edge_distance = np.maximum(updated_edge_distance, 0)\n    \n    return updated_edge_distance",
          "objective": 0.31402,
          "other_inf": null,
          "metadata": {
               "operator": "m2",
               "wisdom_tips": [
                    "Employ adaptive weighting mechanisms that adjust based on instance-specific feedback to enhance robustness and scalability across problem domains.",
                    "Use adaptive weighting schemes to reshape decision landscapes based on evolving problem-specific feedback.",
                    "Design adaptive hybrid meta-heuristics synergistically fusing multiple search paradigms and dynamically tune operator parameters based on search stage or problem features"
               ],
               "attention_focus": "experimenting with hybrid strategy combinations",
               "generation_tendency": "focus_exploration",
               "timestamp": 1757152304.716017
          }
     },
     {
          "algorithm": "```",
          "code": "import numpy as np\n\ndef update_edge_distance(edge_distance, local_opt_tour, edge_n_used):\n    num_nodes = edge_distance.shape[0]\n    updated_edge_distance = edge_distance.copy()\n    \n    # Step 1: Simplified structural reinforcement - Reward edges based on usage frequency\n    structural_rewards = np.zeros((num_nodes, num_nodes))\n    for i in range(len(local_opt_tour)):\n        u = local_opt_tour[i]\n        v = local_opt_tour[(i + 1) % len(local_opt_tour)]\n        structural_rewards[u, v] += 1.0\n        structural_rewards[v, u] += 1.0\n    \n    # Step 2: Simplified penalty mechanism - Penalize overused edges linearly\n    curvature_penalty = edge_n_used * 0.1\n    \n    # Step 3: Simplified noise modulation - Inject uniform noise scaled by global variance\n    global_variance = np.var(edge_distance)\n    hybrid_noise = (np.random.rand(num_nodes, num_nodes) - 0.5) * global_variance * 0.1\n    \n    # Combine all components\n    updated_edge_distance += structural_rewards - curvature_penalty + hybrid_noise\n    \n    # Ensure no negative distances\n    updated_edge_distance = np.maximum(updated_edge_distance, 0)\n    \n    return updated_edge_distance",
          "objective": 0.34675,
          "other_inf": null,
          "metadata": {
               "operator": "m3",
               "wisdom_tips": [
                    "Use adaptive weighting schemes to reshape decision landscapes based on evolving problem-specific feedback.",
                    "Dynamically reshape the solution landscape by combining structural reinforcement with penalty mechanisms to escape local optima and encourage exploration.",
                    "Use adaptive weighting and frequency-based penalties to balance exploitation of known good solutions with exploration of underutilized options."
               ],
               "attention_focus": "experimenting with hybrid strategy combinations",
               "generation_tendency": "focus_exploration",
               "timestamp": 1757152387.109659
          }
     },
     {
          "algorithm": "```",
          "code": "import numpy as np\n\ndef update_edge_distance(edge_distance, local_opt_tour, edge_n_used):\n    num_nodes = edge_distance.shape[0]\n    updated_edge_distance = edge_distance.copy()\n    \n    # Step 1: Structural perturbation - Simplified adjustment based on local tour structure\n    structural_rewards = np.zeros((num_nodes, num_nodes))\n    for i in range(len(local_opt_tour)):\n        u = local_opt_tour[i]\n        v = local_opt_tour[(i + 1) % len(local_opt_tour)]\n        structural_rewards[u, v] += 0.2\n        structural_rewards[v, u] += 0.2\n    \n    # Step 2: Linear edge-frequency penalization - Simplified scaling for overused edges\n    frequency_penalty = edge_n_used * 0.1  # Linear penalty scaling\n    \n    # Step 3: Adaptive distance reshaping - Simplified adaptive weights\n    avg_edge_distance = np.mean(edge_distance[edge_distance > 0])\n    reshaped_distance = edge_distance * (edge_distance < avg_edge_distance).astype(float) * 0.2\n    \n    # Combine all components\n    updated_edge_distance += structural_rewards - frequency_penalty + reshaped_distance\n    \n    # Ensure no negative distances\n    updated_edge_distance = np.maximum(updated_edge_distance, 0)\n    \n    return updated_edge_distance",
          "objective": 0.35553,
          "other_inf": null,
          "metadata": {
               "operator": "m3",
               "wisdom_tips": [
                    "Dynamically reshape problem representations using structural insights and instance-specific feedback to balance exploration and exploitation.",
                    "Integrate adaptive, non-linear scaling of decision factors to iteratively refine solution quality while preserving diversity in the search space.",
                    "Design adaptive hybrid meta-heuristics synergistically fusing multiple search paradigms and dynamically tune operator parameters based on search stage or problem features"
               ],
               "attention_focus": "experimenting with hybrid strategy combinations",
               "generation_tendency": "focus_exploration",
               "timestamp": 1757152045.176661
          }
     },
     {
          "algorithm": "The algorithm integrates hybrid structural perturbations, non-linear edge-frequency penalties, and adaptive distance reshaping with dynamic feedback-based weighting to iteratively refine the edge distance matrix.",
          "code": "import numpy as np\n\ndef update_edge_distance(edge_distance, local_opt_tour, edge_n_used):\n    num_nodes = edge_distance.shape[0]\n    updated_edge_distance = edge_distance.copy()\n    \n    # Step 1: Hybrid structural perturbation - Dynamic rewards based on tour position and edge usage\n    structural_rewards = np.zeros((num_nodes, num_nodes))\n    for i in range(len(local_opt_tour)):\n        u = local_opt_tour[i]\n        v = local_opt_tour[(i + 1) % len(local_opt_tour)]\n        reward_factor = 0.3 / (1 + edge_n_used[u, v])  # Inverse relation to usage count\n        structural_rewards[u, v] += reward_factor\n        structural_rewards[v, u] += reward_factor\n    \n    # Step 2: Non-linear edge-frequency penalization - Exponential decay penalty for overused edges\n    frequency_penalty = 0.1 * (np.power(1.5, edge_n_used) - 1)  # Exponential scaling\n    \n    # Step 3: Adaptive distance reshaping - Feedback-driven adjustment using global and local statistics\n    avg_edge_distance = np.mean(edge_distance[edge_distance > 0])\n    std_edge_distance = np.std(edge_distance[edge_distance > 0])\n    reshaped_distance = edge_distance * np.exp(-((edge_distance - avg_edge_distance) / (std_edge_distance + 1e-5))**2)\n    \n    # Step 4: Dynamic weighting mechanism - Instance-specific feedback integration\n    global_feedback_weight = 0.5 + 0.5 * (np.sum(edge_n_used) / (num_nodes * num_nodes))\n    local_feedback_weight = 1.0 - global_feedback_weight\n    \n    # Combine all components with dynamic weighting\n    updated_edge_distance += (\n        global_feedback_weight * structural_rewards \n        - local_feedback_weight * frequency_penalty \n        + reshaped_distance\n    )\n    \n    # Ensure no negative distances\n    updated_edge_distance = np.maximum(updated_edge_distance, 0)\n    \n    return updated_edge_distance",
          "objective": 0.36623,
          "other_inf": null,
          "metadata": {
               "operator": "m1",
               "wisdom_tips": [
                    "Integrate structural perturbations with usage-aware penalties to balance exploration and exploitation dynamically.",
                    "Employ adaptive reshaping of objective functions to guide the search process based on evolving problem characteristics.",
                    "Employ adaptive weighting mechanisms that adjust based on instance-specific feedback to enhance robustness and scalability across problem domains."
               ],
               "attention_focus": "experimenting with hybrid strategy combinations",
               "generation_tendency": "focus_exploration",
               "timestamp": 1757152259.034455
          }
     },
     {
          "algorithm": "The new algorithm employs a hybrid adaptive weighting mechanism combining non-linear edge-frequency penalization, dynamic structural rewards based on tour symmetry, and instance-specific distance reshaping using exponential scaling.",
          "code": "import numpy as np\n\ndef update_edge_distance(edge_distance, local_opt_tour, edge_n_used):\n    num_nodes = edge_distance.shape[0]\n    updated_edge_distance = edge_distance.copy()\n    \n    # Step 1: Dynamic structural rewards - Adjust rewards based on tour symmetry\n    structural_rewards = np.zeros((num_nodes, num_nodes))\n    for i in range(len(local_opt_tour)):\n        u = local_opt_tour[i]\n        v = local_opt_tour[(i + 1) % len(local_opt_tour)]\n        structural_rewards[u, v] += 0.5 * (1 - np.abs(edge_distance[u, v] - np.mean(edge_distance)))\n        structural_rewards[v, u] += 0.5 * (1 - np.abs(edge_distance[u, v] - np.mean(edge_distance)))\n    \n    # Step 2: Non-linear edge-frequency penalization - Exponential penalty scaling\n    frequency_penalty = 1 - np.exp(-edge_n_used * 0.3)\n    \n    # Step 3: Instance-specific distance reshaping - Exponential scaling for underused edges\n    avg_edge_distance = np.mean(edge_distance[edge_distance > 0])\n    reshaped_distance = edge_distance * np.exp(-0.5 * (edge_distance / avg_edge_distance))\n    \n    # Combine all components\n    updated_edge_distance += structural_rewards - frequency_penalty + reshaped_distance\n    \n    # Ensure no negative distances\n    updated_edge_distance = np.maximum(updated_edge_distance, 0)\n    \n    return updated_edge_distance",
          "objective": 0.37189,
          "other_inf": null,
          "metadata": {
               "operator": "m2",
               "wisdom_tips": [
                    "Employ adaptive weighting mechanisms that adjust based on instance-specific feedback to enhance robustness and scalability across problem domains.",
                    "Use adaptive weighting schemes to reshape decision landscapes based on evolving problem-specific feedback.",
                    "Design adaptive hybrid meta-heuristics synergistically fusing multiple search paradigms and dynamically tune operator parameters based on search stage or problem features"
               ],
               "attention_focus": "experimenting with hybrid strategy combinations",
               "generation_tendency": "focus_exploration",
               "timestamp": 1757152331.9693282
          }
     }
]