[
     {
          "algorithm": "Design an adaptive penalty-based heuristic that dynamically adjusts edge distances using a hybrid approach combining usage frequency, local optima escape patterns, and problem-specific features to reshape the search landscape.",
          "code": "import numpy as np\n\ndef update_edge_distance(edge_distance, local_opt_tour, edge_n_used):\n    n = edge_distance.shape[0]\n    updated_edge_distance = edge_distance.copy()\n    \n    # Compute penalties based on edge usage frequency\n    usage_penalty = edge_n_used / (np.max(edge_n_used) + 1e-6)\n    \n    # Penalize edges in the local optimal tour\n    for i in range(len(local_opt_tour)):\n        u = local_opt_tour[i]\n        v = local_opt_tour[(i + 1) % len(local_opt_tour)]\n        updated_edge_distance[u, v] += 1 + usage_penalty[u, v]\n        updated_edge_distance[v, u] += 1 + usage_penalty[v, u]\n    \n    # Dynamically scale penalties based on overall usage distribution\n    avg_usage = np.mean(edge_n_used)\n    scaling_factor = 1 + np.exp(-avg_usage)\n    updated_edge_distance += scaling_factor * usage_penalty\n    \n    # Introduce small random perturbations to avoid stagnation\n    perturbation = np.random.uniform(0, 0.1, (n, n))\n    updated_edge_distance += perturbation\n    updated_edge_distance = np.maximum(updated_edge_distance, 0)  # Ensure non-negative distances\n    \n    return updated_edge_distance",
          "objective": 1.66777,
          "other_inf": null,
          "metadata": {
               "operator": "i1",
               "wisdom_tips": [
                    "Design adaptive hybrid meta-heuristics synergistically fusing multiple search paradigms and dynamically tune operator parameters based on search stage or problem features",
                    "Employ machine learning or pattern recognition to mine deep problem structures and optimal solution patterns then use learned insights to intelligently bias towards promising search regions or constructive choices",
                    "Explore objective function engineering by introducing auxiliary or surrogate objectives or by dynamically adjusting weights to reshape the search landscape aiding escape from local optima or guiding diverse exploration"
               ],
               "attention_focus": "improving algorithm robustness across different problem instances",
               "generation_tendency": "balanced_search",
               "timestamp": 1757151676.00217
          }
     },
     {
          "algorithm": "Adaptive hybrid strategy dynamically adjusts edge distances by integrating usage frequency, local optima escape incentives, and structural insights from the tour to reshape the search landscape.",
          "code": "import numpy as np\n\ndef update_edge_distance(edge_distance, local_opt_tour, edge_n_used):\n    num_nodes = edge_distance.shape[0]\n    updated_edge_distance = edge_distance.copy()\n    \n    # Step 1: Penalize frequently used edges to encourage exploration\n    usage_penalty = edge_n_used * 0.1  # Scale penalty based on usage count\n    updated_edge_distance += usage_penalty\n    \n    # Step 2: Incentivize edges not in the local optimal tour to escape local optima\n    for i in range(len(local_opt_tour) - 1):\n        u, v = local_opt_tour[i], local_opt_tour[i + 1]\n        updated_edge_distance[u, v] += 0.2  # Penalize edges in the local opt tour\n        updated_edge_distance[v, u] += 0.2  # Symmetric adjustment\n    \n    # Step 3: Introduce adaptive smoothing based on global structure\n    avg_distance = np.mean(edge_distance)\n    smoothing_factor = 0.05 * avg_distance\n    updated_edge_distance += smoothing_factor * (np.random.rand(num_nodes, num_nodes) - 0.5)\n    \n    # Ensure no negative distances\n    updated_edge_distance = np.maximum(updated_edge_distance, 0)\n    \n    return updated_edge_distance",
          "objective": 2.70178,
          "other_inf": null,
          "metadata": {
               "operator": "i1",
               "wisdom_tips": [
                    "Design adaptive hybrid meta-heuristics synergistically fusing multiple search paradigms and dynamically tune operator parameters based on search stage or problem features",
                    "Employ machine learning or pattern recognition to mine deep problem structures and optimal solution patterns then use learned insights to intelligently bias towards promising search regions or constructive choices",
                    "Explore objective function engineering by introducing auxiliary or surrogate objectives or by dynamically adjusting weights to reshape the search landscape aiding escape from local optima or guiding diverse exploration"
               ],
               "attention_focus": "improving algorithm robustness across different problem instances",
               "generation_tendency": "balanced_search",
               "timestamp": 1757151619.796291
          }
     },
     {
          "algorithm": "Adaptive edge penalization and reward strategy dynamically adjusts distances based on local optima patterns, edge usage frequency, and structural insights to escape stagnation while promoting diverse exploration.",
          "code": "import numpy as np\n\ndef update_edge_distance(edge_distance, local_opt_tour, edge_n_used):\n    # Parameters for penalization and reward\n    PENALTY_FACTOR = 1.2\n    REWARD_FACTOR = 0.8\n    USAGE_THRESHOLD = np.mean(edge_n_used)  # Adaptive threshold based on edge usage\n    \n    # Create a copy of the edge distance matrix to modify\n    updated_edge_distance = edge_distance.copy()\n    n = len(edge_distance)\n    \n    # Penalize edges frequently used in the local optimal tour\n    for i in range(len(local_opt_tour)):\n        u = local_opt_tour[i]\n        v = local_opt_tour[(i + 1) % len(local_opt_tour)]  # Circular tour\n        updated_edge_distance[u, v] *= PENALTY_FACTOR\n        updated_edge_distance[v, u] *= PENALTY_FACTOR  # Symmetric adjustment\n    \n    # Reward underused edges to encourage exploration\n    for i in range(n):\n        for j in range(i + 1, n):\n            if edge_n_used[i, j] < USAGE_THRESHOLD:\n                updated_edge_distance[i, j] *= REWARD_FACTOR\n                updated_edge_distance[j, i] *= REWARD_FACTOR  # Symmetric adjustment\n    \n    # Ensure no negative or zero distances (for numerical stability)\n    updated_edge_distance = np.maximum(updated_edge_distance, 1e-6)\n    \n    return updated_edge_distance",
          "objective": 3.45388,
          "other_inf": null,
          "metadata": {
               "operator": "i1",
               "wisdom_tips": [
                    "Design adaptive hybrid meta-heuristics synergistically fusing multiple search paradigms and dynamically tune operator parameters based on search stage or problem features",
                    "Employ machine learning or pattern recognition to mine deep problem structures and optimal solution patterns then use learned insights to intelligently bias towards promising search regions or constructive choices",
                    "Explore objective function engineering by introducing auxiliary or surrogate objectives or by dynamically adjusting weights to reshape the search landscape aiding escape from local optima or guiding diverse exploration"
               ],
               "attention_focus": "improving algorithm robustness across different problem instances",
               "generation_tendency": "balanced_search",
               "timestamp": 1757151619.80701
          }
     },
     {
          "algorithm": "Design an adaptive penalty-based heuristic that dynamically adjusts edge distances using a hybrid approach combining usage frequency, local optima escape strategies, and problem-specific patterns to reshape the search landscape and encourage exploration.",
          "code": "import numpy as np\n\ndef update_edge_distance(edge_distance, local_opt_tour, edge_n_used):\n    num_nodes = edge_distance.shape[0]\n    updated_edge_distance = edge_distance.copy()\n    \n    # Parameters for adaptive penalties\n    base_penalty_factor = 0.1\n    usage_penalty_factor = 0.2\n    local_opt_penalty_factor = 0.3\n    \n    # Penalize edges based on usage frequency\n    usage_penalties = edge_n_used * usage_penalty_factor\n    \n    # Penalize edges in the local optimal tour\n    local_opt_mask = np.zeros((num_nodes, num_nodes))\n    for i in range(len(local_opt_tour)):\n        u = local_opt_tour[i]\n        v = local_opt_tour[(i + 1) % len(local_opt_tour)]\n        local_opt_mask[u, v] += 1\n        local_opt_mask[v, u] += 1\n    local_opt_penalties = local_opt_mask * local_opt_penalty_factor * edge_distance\n    \n    # Combine penalties with original distances\n    updated_edge_distance += usage_penalties + local_opt_penalties\n    \n    # Ensure no negative distances\n    updated_edge_distance = np.maximum(updated_edge_distance, 0)\n    \n    return updated_edge_distance",
          "objective": 3.62307,
          "other_inf": null,
          "metadata": {
               "operator": "i1",
               "wisdom_tips": [
                    "Design adaptive hybrid meta-heuristics synergistically fusing multiple search paradigms and dynamically tune operator parameters based on search stage or problem features",
                    "Employ machine learning or pattern recognition to mine deep problem structures and optimal solution patterns then use learned insights to intelligently bias towards promising search regions or constructive choices",
                    "Explore objective function engineering by introducing auxiliary or surrogate objectives or by dynamically adjusting weights to reshape the search landscape aiding escape from local optima or guiding diverse exploration"
               ],
               "attention_focus": "improving algorithm robustness across different problem instances",
               "generation_tendency": "balanced_search",
               "timestamp": 1757151550.806574
          }
     },
     {
          "algorithm": "Design an adaptive penalty-based heuristic that dynamically adjusts edge distances using a hybrid approach combining frequency-based penalization and local optimality bias derived from the learned patterns of `edge_n_used` and `local_opt_tour`, while incorporating a scaling factor to balance exploration and exploitation.",
          "code": "import numpy as np\n\ndef update_edge_distance(edge_distance, local_opt_tour, edge_n_used):\n    # Parameters for adaptive penalization\n    alpha = 0.1  # Scaling factor for penalization based on usage frequency\n    beta = 0.05  # Scaling factor for penalization based on local optima edges\n    \n    # Initialize updated edge distance matrix\n    updated_edge_distance = edge_distance.copy()\n    \n    # Penalize edges based on usage frequency (global bias)\n    usage_penalty = alpha * edge_n_used\n    updated_edge_distance += usage_penalty\n    \n    # Penalize edges in the local optimal tour (local bias)\n    num_cities = len(local_opt_tour)\n    for i in range(num_cities):\n        u = local_opt_tour[i]\n        v = local_opt_tour[(i + 1) % num_cities]  # Circular indexing for tour\n        updated_edge_distance[u, v] += beta * edge_distance[u, v]\n        updated_edge_distance[v, u] += beta * edge_distance[v, u]  # Symmetric update\n    \n    return updated_edge_distance",
          "objective": 3.87986,
          "other_inf": null,
          "metadata": {
               "operator": "i1",
               "wisdom_tips": [
                    "Design adaptive hybrid meta-heuristics synergistically fusing multiple search paradigms and dynamically tune operator parameters based on search stage or problem features",
                    "Employ machine learning or pattern recognition to mine deep problem structures and optimal solution patterns then use learned insights to intelligently bias towards promising search regions or constructive choices",
                    "Explore objective function engineering by introducing auxiliary or surrogate objectives or by dynamically adjusting weights to reshape the search landscape aiding escape from local optima or guiding diverse exploration"
               ],
               "attention_focus": "optimizing objective function evaluation criteria",
               "generation_tendency": "balanced_search",
               "timestamp": 1757151521.261814
          }
     },
     {
          "algorithm": "Design an adaptive strategy that dynamically adjusts edge distances based on local optima and usage patterns, leveraging insights from the frequency of edge utilization and tour structure to reshape the search landscape.",
          "code": "import numpy as np\n\ndef update_edge_distance(edge_distance, local_opt_tour, edge_n_used):\n    # Parameters for dynamic adjustment\n    penalty_factor = 1.2\n    reward_factor = 0.8\n    min_edge_weight = 1e-6  # Prevent zero or negative weights\n    \n    # Create a copy of the edge distance matrix to update\n    updated_edge_distance = edge_distance.copy()\n    \n    # Penalize edges frequently used in the local optimal tour\n    for i in range(len(local_opt_tour) - 1):\n        u, v = local_opt_tour[i], local_opt_tour[i + 1]\n        updated_edge_distance[u, v] *= (1 + penalty_factor * edge_n_used[u, v] / edge_n_used.max())\n        updated_edge_distance[v, u] = updated_edge_distance[u, v]  # Ensure symmetry\n    \n    # Reward underutilized edges to encourage exploration\n    underutilized_mask = edge_n_used < np.percentile(edge_n_used, 25)  # Bottom 25% least used edges\n    updated_edge_distance[underutilized_mask] *= reward_factor\n    \n    # Ensure no edge distance becomes too small or negative\n    updated_edge_distance = np.maximum(updated_edge_distance, min_edge_weight)\n    \n    return updated_edge_distance",
          "objective": 3.91331,
          "other_inf": null,
          "metadata": {
               "operator": "i1",
               "wisdom_tips": [
                    "Design adaptive hybrid meta-heuristics synergistically fusing multiple search paradigms and dynamically tune operator parameters based on search stage or problem features",
                    "Employ machine learning or pattern recognition to mine deep problem structures and optimal solution patterns then use learned insights to intelligently bias towards promising search regions or constructive choices",
                    "Explore objective function engineering by introducing auxiliary or surrogate objectives or by dynamically adjusting weights to reshape the search landscape aiding escape from local optima or guiding diverse exploration"
               ],
               "attention_focus": "managing computational complexity and time efficiency",
               "generation_tendency": "balanced_search",
               "timestamp": 1757151521.263563
          }
     },
     {
          "algorithm": "Design an adaptive penalty-based heuristic that dynamically adjusts edge distances using a hybrid approach combining usage frequency, local optima escape strategies, and problem-specific insights to reshape the search landscape.",
          "code": "import numpy as np\n\ndef update_edge_distance(edge_distance, local_opt_tour, edge_n_used):\n    num_nodes = edge_distance.shape[0]\n    updated_edge_distance = edge_distance.copy()\n    \n    # Adaptive penalty factor based on edge usage frequency\n    max_usage = np.max(edge_n_used)\n    min_usage = np.min(edge_n_used)\n    usage_range = max_usage - min_usage if max_usage != min_usage else 1\n    usage_penalty = (edge_n_used - min_usage) / usage_range\n    \n    # Local optima escape strategy: penalize edges in the local optimal tour\n    for i in range(len(local_opt_tour)):\n        u = local_opt_tour[i]\n        v = local_opt_tour[(i + 1) % len(local_opt_tour)]\n        updated_edge_distance[u, v] += 1.5 * edge_distance[u, v]\n        updated_edge_distance[v, u] += 1.5 * edge_distance[v, u]\n    \n    # Combine penalties with adaptive scaling\n    adaptive_penalty = 0.5 * usage_penalty + 0.5 * (1 - usage_penalty)\n    updated_edge_distance += adaptive_penalty * edge_distance\n    \n    # Ensure non-negative distances\n    updated_edge_distance = np.maximum(updated_edge_distance, 0)\n    \n    return updated_edge_distance",
          "objective": 3.99962,
          "other_inf": null,
          "metadata": {
               "operator": "i1",
               "wisdom_tips": [
                    "Design adaptive hybrid meta-heuristics synergistically fusing multiple search paradigms and dynamically tune operator parameters based on search stage or problem features",
                    "Employ machine learning or pattern recognition to mine deep problem structures and optimal solution patterns then use learned insights to intelligently bias towards promising search regions or constructive choices",
                    "Explore objective function engineering by introducing auxiliary or surrogate objectives or by dynamically adjusting weights to reshape the search landscape aiding escape from local optima or guiding diverse exploration"
               ],
               "attention_focus": "improving algorithm robustness across different problem instances",
               "generation_tendency": "balanced_search",
               "timestamp": 1757151545.752161
          }
     },
     {
          "algorithm": "Design an adaptive hybrid algorithm that dynamically adjusts edge distances using a penalty-reward system based on local optimal tour usage patterns and edge usage frequency, guided by surrogate objectives to reshape the search landscape.",
          "code": "import numpy as np\n\ndef update_edge_distance(edge_distance, local_opt_tour, edge_n_used):\n    updated_edge_distance = edge_distance.copy()\n    n = len(edge_distance)\n    \n    # Calculate penalties and rewards based on local_opt_tour and edge_n_used\n    penalty_factor = 1.2  # Increase cost for frequently used edges in local optima\n    reward_factor = 0.8   # Decrease cost for underutilized edges\n    \n    for i in range(len(local_opt_tour) - 1):\n        u, v = local_opt_tour[i], local_opt_tour[i + 1]\n        if edge_n_used[u, v] > np.mean(edge_n_used):  # Penalize overused edges\n            updated_edge_distance[u, v] *= penalty_factor\n            updated_edge_distance[v, u] *= penalty_factor\n        else:  # Reward underused edges\n            updated_edge_distance[u, v] *= reward_factor\n            updated_edge_distance[v, u] *= reward_factor\n    \n    # Apply global adjustment to encourage diversity\n    avg_edge_usage = np.mean(edge_n_used[edge_n_used > 0])  # Avoid division by zero\n    for i in range(n):\n        for j in range(i + 1, n):\n            if edge_n_used[i, j] < avg_edge_usage:\n                updated_edge_distance[i, j] *= reward_factor\n                updated_edge_distance[j, i] *= reward_factor\n    \n    return updated_edge_distance",
          "objective": 4.00054,
          "other_inf": null,
          "metadata": {
               "operator": "i1",
               "wisdom_tips": [
                    "Design adaptive hybrid meta-heuristics synergistically fusing multiple search paradigms and dynamically tune operator parameters based on search stage or problem features",
                    "Employ machine learning or pattern recognition to mine deep problem structures and optimal solution patterns then use learned insights to intelligently bias towards promising search regions or constructive choices",
                    "Explore objective function engineering by introducing auxiliary or surrogate objectives or by dynamically adjusting weights to reshape the search landscape aiding escape from local optima or guiding diverse exploration"
               ],
               "attention_focus": "optimizing objective function evaluation criteria",
               "generation_tendency": "balanced_search",
               "timestamp": 1757151521.2608929
          }
     }
]