[
     {
          "algorithm": "A hybrid strategy that integrates gradient-inspired rewards, exponential penalties, and topology-aware noise to dynamically reshape the search landscape and escape local optima.",
          "code": "import numpy as np\n\ndef update_edge_distance(edge_distance, local_opt_tour, edge_n_used):\n    num_nodes = edge_distance.shape[0]\n    updated_edge_distance = edge_distance.copy()\n    \n    # Step 1: Dynamic reward based on gradient-inspired diversity - Reward edges inversely proportional to their gradient of usage change\n    usage_gradient = np.abs(np.gradient(edge_n_used, axis=1)) + 1e-10\n    gradient_rewards = np.zeros((num_nodes, num_nodes))\n    for i in range(len(local_opt_tour)):\n        u = local_opt_tour[i]\n        v = local_opt_tour[(i + 1) % len(local_opt_tour)]\n        gradient_rewards[u, v] += 1 / usage_gradient[u, v]\n        gradient_rewards[v, u] += 1 / usage_gradient[v, u]\n    \n    # Step 2: Non-linear adaptive penalties - Penalize edges exponentially based on their relative frequency of use\n    normalized_usage = edge_n_used / (np.max(edge_n_used) + 1e-10)\n    exponential_penalty = np.exp(normalized_usage) * 0.1\n    \n    # Step 3: Stochastic noise modulation with topology-aware scaling - Inject noise scaled by the average distance of connected nodes\n    avg_connected_distance = np.mean(edge_distance, axis=1)\n    topology_noise = np.outer(avg_connected_distance, avg_connected_distance) * (np.random.rand(num_nodes, num_nodes) - 0.5) * 0.1\n    \n    # Combine all components\n    updated_edge_distance += gradient_rewards - exponential_penalty + topology_noise\n    \n    # Ensure no negative distances\n    updated_edge_distance = np.maximum(updated_edge_distance, 0)\n    \n    return updated_edge_distance",
          "objective": 0.05687,
          "other_inf": null,
          "metadata": {
               "operator": "e2",
               "wisdom_tips": [
                    "Integrate dynamic reward and penalty adjustments with noise injection to balance exploration and exploitation effectively.",
                    "Leverage stochastic mechanisms to escape local optima while scaling adaptively based on problem complexity.",
                    "Incorporate dynamic reward and penalty systems to guide the search process toward high-quality solutions while avoiding over-reliance on frequently used components."
               ],
               "attention_focus": "experimenting with hybrid strategy combinations",
               "generation_tendency": "focus_exploration",
               "timestamp": 1757153326.474077
          }
     },
     {
          "algorithm": "A hybrid strategy combining logarithmic edge-frequency penalization, dynamic centrality-based rewards with cubic scaling, and stochastic noise injection to escape local optima.",
          "code": "import numpy as np\n\ndef update_edge_distance(edge_distance, local_opt_tour, edge_n_used):\n    num_nodes = edge_distance.shape[0]\n    updated_edge_distance = edge_distance.copy()\n    \n    # Step 1: Dynamic centrality-based rewards - Reward edges using cubic scaling of node centrality in the local tour\n    degree_centrality = np.zeros(num_nodes)\n    for i in range(len(local_opt_tour)):\n        u = local_opt_tour[i]\n        v = local_opt_tour[(i + 1) % len(local_opt_tour)]\n        degree_centrality[u] += 1\n        degree_centrality[v] += 1\n    structural_rewards = np.zeros((num_nodes, num_nodes))\n    for i in range(len(local_opt_tour)):\n        u = local_opt_tour[i]\n        v = local_opt_tour[(i + 1) % len(local_opt_tour)]\n        reward = (degree_centrality[u] ** 3) + (degree_centrality[v] ** 3)\n        structural_rewards[u, v] += reward\n        structural_rewards[v, u] += reward\n    \n    # Step 2: Logarithmic edge-frequency penalization - Apply penalties based on logarithmic scaling of edge usage frequency\n    frequency_penalty = 2.0 * np.log(1 + edge_n_used)\n    \n    # Step 3: Stochastic noise injection - Add random noise proportional to average edge distance for exploration\n    avg_edge_distance = np.mean(edge_distance[edge_distance > 0])\n    noise = np.random.uniform(-0.1 * avg_edge_distance, 0.1 * avg_edge_distance, size=(num_nodes, num_nodes))\n    noise = np.triu(noise) + np.triu(noise).T  # Ensure symmetry\n    \n    # Combine all components\n    updated_edge_distance += structural_rewards - frequency_penalty + noise\n    \n    # Ensure no negative distances\n    updated_edge_distance = np.maximum(updated_edge_distance, 0)\n    \n    return updated_edge_distance",
          "objective": 0.07466,
          "other_inf": null,
          "metadata": {
               "operator": "m2",
               "wisdom_tips": [
                    "Dynamically adjust rewards and penalties based on structural usage and frequency to balance exploitation of high-value components with exploration of underutilized alternatives.",
                    "Introduce non-linear transformations and noise injection to escape local optima and enhance the robustness of solution-search processes.",
                    "Dynamically adjust rewards and penalties based on structural properties and usage patterns to escape local optima while preserving solution quality."
               ],
               "attention_focus": "experimenting with hybrid strategy combinations",
               "generation_tendency": "focus_exploration",
               "timestamp": 1757153097.701321
          }
     },
     {
          "algorithm": "```",
          "code": "import numpy as np\n\ndef update_edge_distance(edge_distance, local_opt_tour, edge_n_used):\n    num_nodes = edge_distance.shape[0]\n    updated_edge_distance = edge_distance.copy()\n    \n    # Step 1: Simplified centrality-based rewards - Linear scaling of node centrality in the local tour\n    degree_centrality = np.zeros(num_nodes)\n    for i in range(len(local_opt_tour)):\n        u = local_opt_tour[i]\n        v = local_opt_tour[(i + 1) % len(local_opt_tour)]\n        degree_centrality[u] += 1\n        degree_centrality[v] += 1\n    structural_rewards = np.zeros((num_nodes, num_nodes))\n    for i in range(len(local_opt_tour)):\n        u = local_opt_tour[i]\n        v = local_opt_tour[(i + 1) % len(local_opt_tour)]\n        reward = degree_centrality[u] + degree_centrality[v]\n        structural_rewards[u, v] += reward\n        structural_rewards[v, u] += reward\n    \n    # Step 2: Simplified edge-frequency penalization - Linear scaling of edge usage frequency\n    frequency_penalty = 0.5 * edge_n_used\n    \n    # Step 3: Simplified noise injection - Add uniform random noise proportional to global average edge distance\n    avg_edge_distance = np.mean(edge_distance[edge_distance > 0])\n    noise = np.random.uniform(-0.05 * avg_edge_distance, 0.05 * avg_edge_distance, size=(num_nodes, num_nodes))\n    noise = np.triu(noise) + np.triu(noise).T  # Ensure symmetry\n    \n    # Combine all components\n    updated_edge_distance += structural_rewards - frequency_penalty + noise\n    \n    # Ensure no negative distances\n    updated_edge_distance = np.maximum(updated_edge_distance, 0)\n    \n    return updated_edge_distance",
          "objective": 0.10761,
          "other_inf": null,
          "metadata": {
               "operator": "m3",
               "wisdom_tips": [
                    "Integrate topology-aware or centrality-based strategies to dynamically reshape the search landscape and avoid local optima.",
                    "Combine reward-penalty systems with stochastic noise injection to balance exploitation and exploration effectively.",
                    "Integrate dynamic penalty and reward mechanisms to reshape the search landscape and enhance escape from local optima."
               ],
               "attention_focus": "experimenting with hybrid strategy combinations",
               "generation_tendency": "focus_exploration",
               "timestamp": 1757153540.774306
          }
     },
     {
          "algorithm": "```",
          "code": "import numpy as np\n\ndef update_edge_distance(edge_distance, local_opt_tour, edge_n_used):\n    num_nodes = edge_distance.shape[0]\n    updated_edge_distance = edge_distance.copy()\n    \n    # Step 1: Simplified structural reinforcement\n    structural_rewards = np.zeros((num_nodes, num_nodes))\n    for i in range(len(local_opt_tour)):\n        u = local_opt_tour[i]\n        v = local_opt_tour[(i + 1) % len(local_opt_tour)]\n        reward_factor = 1 / (1 + edge_n_used[u, v])  # Inverse frequency-based reward\n        structural_rewards[u, v] += reward_factor\n        structural_rewards[v, u] += reward_factor\n    \n    # Step 2: Simplified adaptive penalties\n    curvature_penalty = edge_n_used * 0.05  # Linear penalty for overused edges\n    \n    # Step 3: Unified noise injection\n    noise = np.random.uniform(-0.2, 0.2, size=(num_nodes, num_nodes))  # Combined noise mechanism\n    for i in range(len(local_opt_tour)):\n        u = local_opt_tour[i]\n        v = local_opt_tour[(i + 1) % len(local_opt_tour)]\n        if np.random.rand() < 0.2:  # 20% chance to amplify noise on selected edges\n            noise[u, v] = np.random.uniform(-0.6, 0.6)\n            noise[v, u] = noise[u, v]\n    \n    # Combine simplified components\n    updated_edge_distance += structural_rewards - curvature_penalty + noise\n    \n    # Ensure no negative distances\n    updated_edge_distance = np.maximum(updated_edge_distance, 0)\n    \n    return updated_edge_distance",
          "objective": 0.11154,
          "other_inf": null,
          "metadata": {
               "operator": "m3",
               "wisdom_tips": [
                    "Dynamically adjust rewards and penalties based on structural properties and usage patterns to escape local optima while preserving solution quality.",
                    "Incorporate noise or stochastic elements strategically to explore the solution space and avoid premature convergence.",
                    "Dynamically adjust rewards and penalties using adaptive mechanisms to balance exploration and exploitation, enabling efficient navigation of complex solution spaces."
               ],
               "attention_focus": "experimenting with hybrid strategy combinations",
               "generation_tendency": "focus_exploration",
               "timestamp": 1757153144.769013
          }
     },
     {
          "algorithm": "A hybrid strategy combining exponential edge-frequency penalization, quadratic centrality-based rewards with dynamic scaling, and adaptive noise injection proportional to maximum edge distance.",
          "code": "import numpy as np\n\ndef update_edge_distance(edge_distance, local_opt_tour, edge_n_used):\n    num_nodes = edge_distance.shape[0]\n    updated_edge_distance = edge_distance.copy()\n    \n    # Step 1: Quadratic centrality-based rewards - Reward edges using quadratic scaling of node centrality in the local tour\n    degree_centrality = np.zeros(num_nodes)\n    for i in range(len(local_opt_tour)):\n        u = local_opt_tour[i]\n        v = local_opt_tour[(i + 1) % len(local_opt_tour)]\n        degree_centrality[u] += 1\n        degree_centrality[v] += 1\n    structural_rewards = np.zeros((num_nodes, num_nodes))\n    for i in range(len(local_opt_tour)):\n        u = local_opt_tour[i]\n        v = local_opt_tour[(i + 1) % len(local_opt_tour)]\n        reward = (degree_centrality[u] ** 2) + (degree_centrality[v] ** 2)\n        structural_rewards[u, v] += reward\n        structural_rewards[v, u] += reward\n    \n    # Step 2: Exponential edge-frequency penalization - Apply penalties based on exponential scaling of edge usage frequency\n    frequency_penalty = 3.0 * (np.exp(edge_n_used / (np.max(edge_n_used) + 1e-6)) - 1)\n    \n    # Step 3: Adaptive noise injection - Add random noise proportional to maximum edge distance for exploration\n    max_edge_distance = np.max(edge_distance[edge_distance > 0])\n    noise = np.random.uniform(-0.2 * max_edge_distance, 0.2 * max_edge_distance, size=(num_nodes, num_nodes))\n    noise = np.triu(noise) + np.triu(noise).T  # Ensure symmetry\n    \n    # Combine all components\n    updated_edge_distance += structural_rewards - frequency_penalty + noise\n    \n    # Ensure no negative distances\n    updated_edge_distance = np.maximum(updated_edge_distance, 0)\n    \n    return updated_edge_distance",
          "objective": 0.11855,
          "other_inf": null,
          "metadata": {
               "operator": "m2",
               "wisdom_tips": [
                    "Introduce stochastic elements to disrupt local optima and encourage exploration of alternative solution spaces.",
                    "Integrate topology-aware or centrality-based strategies to dynamically reshape the search landscape and avoid local optima.",
                    "Combine reward-penalty systems with stochastic noise injection to balance exploitation and exploration effectively."
               ],
               "attention_focus": "experimenting with hybrid strategy combinations",
               "generation_tendency": "focus_exploration",
               "timestamp": 1757153443.755032
          }
     },
     {
          "algorithm": "A hybrid strategy dynamically adjusts rewards and penalties via exponential decay and adaptive noise injection while integrating a stochastic edge-swapping mechanism to escape local optima.",
          "code": "import numpy as np\n\ndef update_edge_distance(edge_distance, local_opt_tour, edge_n_used):\n    num_nodes = edge_distance.shape[0]\n    updated_edge_distance = edge_distance.copy()\n    \n    # Step 1: Exponential decay-based structural reinforcement\n    structural_rewards = np.zeros((num_nodes, num_nodes))\n    for i in range(len(local_opt_tour)):\n        u = local_opt_tour[i]\n        v = local_opt_tour[(i + 1) % len(local_opt_tour)]\n        reward_factor = np.exp(-edge_n_used[u, v] / (num_nodes * 0.5))  # Decay based on usage frequency\n        structural_rewards[u, v] += reward_factor\n        structural_rewards[v, u] += reward_factor\n    \n    # Step 2: Adaptive curvature-inspired penalties\n    curvature_penalty = np.log(1 + edge_n_used) * 0.2  # Logarithmic penalty for overused edges\n    \n    # Step 3: Stochastic edge-swapping mechanism\n    swap_noise = np.random.uniform(-0.1, 0.1, size=(num_nodes, num_nodes))\n    for i in range(len(local_opt_tour)):\n        u = local_opt_tour[i]\n        v = local_opt_tour[(i + 1) % len(local_opt_tour)]\n        if np.random.rand() < 0.3:  # 30% chance to introduce swapping noise\n            swap_noise[u, v] = np.random.uniform(-0.5, 0.5)\n            swap_noise[v, u] = swap_noise[u, v]\n    \n    # Step 4: Hybrid adaptive noise injection\n    exploration_noise = (np.random.randn(num_nodes, num_nodes) * 0.1) * np.exp(-np.mean(edge_n_used) / num_nodes)\n    \n    # Combine all components\n    updated_edge_distance += structural_rewards - curvature_penalty + swap_noise + exploration_noise\n    \n    # Ensure no negative distances\n    updated_edge_distance = np.maximum(updated_edge_distance, 0)\n    \n    return updated_edge_distance",
          "objective": 0.19127,
          "other_inf": null,
          "metadata": {
               "operator": "m1",
               "wisdom_tips": [
                    "Dynamically adjust rewards and penalties based on structural usage and frequency to balance exploitation of high-value components with exploration of underutilized alternatives.",
                    "Introduce non-linear transformations and noise injection to escape local optima and enhance the robustness of solution-search processes.",
                    "Design adaptive hybrid meta-heuristics synergistically fusing multiple search paradigms and dynamically tune operator parameters based on search stage or problem features"
               ],
               "attention_focus": "experimenting with hybrid strategy combinations",
               "generation_tendency": "focus_exploration",
               "timestamp": 1757152997.49555
          }
     },
     {
          "algorithm": "A hybrid strategy combining exponential edge-frequency penalization, adaptive structural rewards based on node centrality, and non-linear distance reshaping to dynamically escape local optima.",
          "code": "import numpy as np\n\ndef update_edge_distance(edge_distance, local_opt_tour, edge_n_used):\n    num_nodes = edge_distance.shape[0]\n    updated_edge_distance = edge_distance.copy()\n    \n    # Step 1: Adaptive structural rewards - Reward edges based on node centrality in the local tour\n    degree_centrality = np.zeros(num_nodes)\n    for i in range(len(local_opt_tour)):\n        u = local_opt_tour[i]\n        v = local_opt_tour[(i + 1) % len(local_opt_tour)]\n        degree_centrality[u] += 1\n        degree_centrality[v] += 1\n    structural_rewards = np.zeros((num_nodes, num_nodes))\n    for i in range(len(local_opt_tour)):\n        u = local_opt_tour[i]\n        v = local_opt_tour[(i + 1) % len(local_opt_tour)]\n        reward = np.log(1 + degree_centrality[u]) + np.log(1 + degree_centrality[v])\n        structural_rewards[u, v] += reward\n        structural_rewards[v, u] += reward\n    \n    # Step 2: Exponential edge-frequency penalization - Stronger penalties for overused edges\n    frequency_penalty = 0.5 * (np.exp(edge_n_used / np.max(edge_n_used)) - 1)\n    \n    # Step 3: Non-linear distance reshaping - Reshape distances using a quadratic scaling factor\n    avg_edge_distance = np.mean(edge_distance[edge_distance > 0])\n    reshaped_distance = (edge_distance < avg_edge_distance).astype(float) * (edge_distance ** 2) * 0.1\n    \n    # Combine all components\n    updated_edge_distance += structural_rewards - frequency_penalty + reshaped_distance\n    \n    # Ensure no negative distances\n    updated_edge_distance = np.maximum(updated_edge_distance, 0)\n    \n    return updated_edge_distance",
          "objective": 0.22093,
          "other_inf": null,
          "metadata": {
               "operator": "m2",
               "wisdom_tips": [
                    "Employ adaptive weighting mechanisms that adjust based on instance-specific feedback to enhance robustness and scalability across problem domains.",
                    "Use adaptive weighting schemes to reshape decision landscapes based on evolving problem-specific feedback.",
                    "Design adaptive hybrid meta-heuristics synergistically fusing multiple search paradigms and dynamically tune operator parameters based on search stage or problem features"
               ],
               "attention_focus": "experimenting with hybrid strategy combinations",
               "generation_tendency": "focus_exploration",
               "timestamp": 1757152304.716039
          }
     },
     {
          "algorithm": "```",
          "code": "import numpy as np\n\ndef update_edge_distance(edge_distance, local_opt_tour, edge_n_used):\n    num_nodes = edge_distance.shape[0]\n    updated_edge_distance = edge_distance.copy()\n    \n    # Simplified Step 1: Structural reinforcement - Reward edges based on usage frequency\n    structural_rewards = np.zeros((num_nodes, num_nodes))\n    for i in range(len(local_opt_tour)):\n        u = local_opt_tour[i]\n        v = local_opt_tour[(i + 1) % len(local_opt_tour)]\n        structural_rewards[u, v] += 0.5\n        structural_rewards[v, u] += 0.5\n    \n    # Simplified Step 2: Non-linear penalties - Penalize overused edges with a simplified curvature-inspired function\n    curvature_penalty = np.sqrt(edge_n_used + 1) * 0.1\n    \n    # Simplified Step 3: Uniform noise injection - Add static noise to encourage exploration\n    hybrid_noise = (np.random.rand(num_nodes, num_nodes) - 0.5) * 0.1\n    \n    # Combine all components\n    updated_edge_distance += structural_rewards - curvature_penalty + hybrid_noise\n    \n    # Ensure no negative distances\n    updated_edge_distance = np.maximum(updated_edge_distance, 0)\n    \n    return updated_edge_distance",
          "objective": 0.23709,
          "other_inf": null,
          "metadata": {
               "operator": "m3",
               "wisdom_tips": [
                    "Combine structural reinforcement with non-linear adjustments to balance exploration and exploitation in combinatorial optimization.",
                    "Design adaptive hybrid meta-heuristics synergistically fusing multiple search paradigms and dynamically tune operator parameters based on search stage or problem features",
                    "Employ machine learning or pattern recognition to mine deep problem structures and optimal solution patterns then use learned insights to intelligently bias towards promising search regions or constructive choices"
               ],
               "attention_focus": "experimenting with hybrid strategy combinations",
               "generation_tendency": "focus_exploration",
               "timestamp": 1757152756.6431491
          }
     }
]