[
     {
          "algorithm": "```",
          "code": "import numpy as np\n\ndef update_edge_distance(edge_distance, local_opt_tour, edge_n_used):\n    num_nodes = edge_distance.shape[0]\n    updated_edge_distance = edge_distance.copy()\n    \n    # Step 1: Structural perturbation - Simplified adjustment based on local tour structure\n    structural_rewards = np.zeros((num_nodes, num_nodes))\n    for i in range(len(local_opt_tour)):\n        u = local_opt_tour[i]\n        v = local_opt_tour[(i + 1) % len(local_opt_tour)]\n        structural_rewards[u, v] += 0.2\n        structural_rewards[v, u] += 0.2\n    \n    # Step 2: Linear edge-frequency penalization - Simplified scaling for overused edges\n    frequency_penalty = edge_n_used * 0.1  # Linear penalty scaling\n    \n    # Step 3: Adaptive distance reshaping - Simplified adaptive weights\n    avg_edge_distance = np.mean(edge_distance[edge_distance > 0])\n    reshaped_distance = edge_distance * (edge_distance < avg_edge_distance).astype(float) * 0.2\n    \n    # Combine all components\n    updated_edge_distance += structural_rewards - frequency_penalty + reshaped_distance\n    \n    # Ensure no negative distances\n    updated_edge_distance = np.maximum(updated_edge_distance, 0)\n    \n    return updated_edge_distance",
          "objective": 0.35553,
          "other_inf": null,
          "metadata": {
               "operator": "m3",
               "wisdom_tips": [
                    "Dynamically reshape problem representations using structural insights and instance-specific feedback to balance exploration and exploitation.",
                    "Integrate adaptive, non-linear scaling of decision factors to iteratively refine solution quality while preserving diversity in the search space.",
                    "Design adaptive hybrid meta-heuristics synergistically fusing multiple search paradigms and dynamically tune operator parameters based on search stage or problem features"
               ],
               "attention_focus": "experimenting with hybrid strategy combinations",
               "generation_tendency": "focus_exploration",
               "timestamp": 1757152045.176661
          }
     },
     {
          "algorithm": "A hybrid adaptive heuristic dynamically blends structural perturbation, usage-aware non-linear scaling, and self-adaptive objective modulation to iteratively refine the distance matrix for enhanced global search.",
          "code": "import numpy as np\n\ndef update_edge_distance(edge_distance, local_opt_tour, edge_n_used):\n    num_nodes = edge_distance.shape[0]\n    updated_edge_distance = edge_distance.copy()\n    \n    # Step 1: Structural perturbation - Adjust distances based on local tour structure with exponential decay\n    structural_rewards = np.zeros((num_nodes, num_nodes))\n    for i in range(len(local_opt_tour)):\n        u = local_opt_tour[i]\n        v = local_opt_tour[(i + 1) % len(local_opt_tour)]\n        structural_rewards[u, v] += np.exp(-edge_distance[u, v]) * 0.4\n        structural_rewards[v, u] += np.exp(-edge_distance[v, u]) * 0.4\n    \n    # Step 2: Usage-aware non-linear scaling - Penalize overused edges with quadratic growth\n    usage_penalty = (edge_n_used ** 2) * 0.15  # Quadratic penalty scaling\n    \n    # Step 3: Self-adaptive objective modulation - Reshape the search landscape using sigmoid-based weighting\n    avg_edge_distance = np.mean(edge_distance[edge_distance > 0])\n    objective_weights = 1 + (1 / (1 + np.exp(-(edge_distance - avg_edge_distance) / avg_edge_distance)))\n    modulated_distance = edge_distance * objective_weights * 0.25\n    \n    # Combine all components\n    updated_edge_distance += structural_rewards - usage_penalty + modulated_distance\n    \n    # Ensure no negative distances\n    updated_edge_distance = np.maximum(updated_edge_distance, 0)\n    \n    return updated_edge_distance",
          "objective": 0.47496,
          "other_inf": null,
          "metadata": {
               "operator": "m2",
               "wisdom_tips": [
                    "Integrate dynamic exploration-exploitation trade-offs by adaptively reshaping the solution space using structural learning and problem-specific feedback.",
                    "Leverage hybrid adaptive strategies that combine penalty mechanisms, usage patterns, and escape heuristics to enhance search efficiency and avoid local optima.",
                    "Design adaptive hybrid meta-heuristics synergistically fusing multiple search paradigms and dynamically tune operator parameters based on search stage or problem features"
               ],
               "attention_focus": "experimenting with hybrid strategy combinations",
               "generation_tendency": "focus_exploration",
               "timestamp": 1757151993.7329652
          }
     },
     {
          "algorithm": "```",
          "code": "import numpy as np\n\ndef update_edge_distance(edge_distance, local_opt_tour, edge_n_used):\n    num_nodes = edge_distance.shape[0]\n    updated_edge_distance = edge_distance.copy()\n    \n    # Step 1: Simplified structural perturbation - Reward edges in the local optimal tour\n    structural_rewards = np.zeros((num_nodes, num_nodes))\n    for i in range(len(local_opt_tour)):\n        u = local_opt_tour[i]\n        v = local_opt_tour[(i + 1) % len(local_opt_tour)]\n        structural_rewards[u, v] += 0.2  # Fixed reward for simplicity\n        structural_rewards[v, u] += 0.2\n    \n    # Step 2: Simplified frequency penalty - Linear scaling to avoid overused edges\n    frequency_penalty = edge_n_used * 0.1  # Linear penalty scaling\n    \n    # Step 3: Simplified objective reshaping - Uniform weight adjustment\n    avg_edge_distance = np.mean(edge_distance[edge_distance > 0])\n    reshaped_distance = np.where(edge_distance > avg_edge_distance, edge_distance * 0.5, edge_distance * 1.5)\n    \n    # Combine all components\n    updated_edge_distance += structural_rewards - frequency_penalty + reshaped_distance\n    \n    # Ensure no negative distances\n    updated_edge_distance = np.maximum(updated_edge_distance, 0)\n    \n    return updated_edge_distance",
          "objective": 0.49945,
          "other_inf": null,
          "metadata": {
               "operator": "m3",
               "wisdom_tips": [
                    "Dynamically reshape problem representations using structural insights and instance-specific feedback to balance exploration and exploitation.",
                    "Integrate adaptive, non-linear scaling of decision factors to iteratively refine solution quality while preserving diversity in the search space.",
                    "Design adaptive hybrid meta-heuristics synergistically fusing multiple search paradigms and dynamically tune operator parameters based on search stage or problem features"
               ],
               "attention_focus": "experimenting with hybrid strategy combinations",
               "generation_tendency": "focus_exploration",
               "timestamp": 1757152026.493713
          }
     },
     {
          "algorithm": "A multi-faceted hybrid adaptive algorithm integrating structural perturbation, exponential edge-frequency penalization, and sigmoid-based objective reshaping to iteratively refine the distance matrix.",
          "code": "import numpy as np\n\ndef update_edge_distance(edge_distance, local_opt_tour, edge_n_used):\n    num_nodes = edge_distance.shape[0]\n    updated_edge_distance = edge_distance.copy()\n    \n    # Step 1: Structural perturbation - Adjust distances based on local tour structure\n    structural_rewards = np.zeros((num_nodes, num_nodes))\n    for i in range(len(local_opt_tour)):\n        u = local_opt_tour[i]\n        v = local_opt_tour[(i + 1) % len(local_opt_tour)]\n        structural_rewards[u, v] += np.exp(-edge_distance[u, v]) * 0.4\n        structural_rewards[v, u] += np.exp(-edge_distance[v, u]) * 0.4\n    \n    # Step 2: Exponential edge-frequency penalization - Dynamically scale penalties for overused edges\n    frequency_penalty = (np.exp(edge_n_used / (1 + edge_n_used)) - 1) * 0.5  # Exponential penalty scaling\n    \n    # Step 3: Sigmoid-based objective reshaping - Reshape search landscape using adaptive weights\n    avg_edge_distance = np.mean(edge_distance[edge_distance > 0])\n    objective_weights = 1 / (1 + np.exp(-(edge_distance - avg_edge_distance) / avg_edge_distance))\n    reshaped_distance = edge_distance * objective_weights * 0.25\n    \n    # Combine all components\n    updated_edge_distance += structural_rewards - frequency_penalty + reshaped_distance\n    \n    # Ensure no negative distances\n    updated_edge_distance = np.maximum(updated_edge_distance, 0)\n    \n    return updated_edge_distance",
          "objective": 0.50067,
          "other_inf": null,
          "metadata": {
               "operator": "m2",
               "wisdom_tips": [
                    "Integrate dynamic exploration-exploitation trade-offs by adaptively reshaping the solution space using structural learning and problem-specific feedback.",
                    "Leverage hybrid adaptive strategies that combine penalty mechanisms, usage patterns, and escape heuristics to enhance search efficiency and avoid local optima.",
                    "Design adaptive hybrid meta-heuristics synergistically fusing multiple search paradigms and dynamically tune operator parameters based on search stage or problem features"
               ],
               "attention_focus": "experimenting with hybrid strategy combinations",
               "generation_tendency": "focus_exploration",
               "timestamp": 1757151970.4192011
          }
     },
     {
          "algorithm": "```",
          "code": "import numpy as np\n\ndef update_edge_distance(edge_distance, local_opt_tour, edge_n_used):\n    num_nodes = edge_distance.shape[0]\n    updated_edge_distance = edge_distance.copy()\n    \n    # Step 1: Simplified structural perturbation - Reward edges in the local optimal tour\n    structural_rewards = np.zeros((num_nodes, num_nodes))\n    for i in range(len(local_opt_tour)):\n        u = local_opt_tour[i]\n        v = local_opt_tour[(i + 1) % len(local_opt_tour)]\n        structural_rewards[u, v] += 0.2\n        structural_rewards[v, u] += 0.2\n    \n    # Step 2: Linear edge-frequency penalization - Penalize overused edges linearly\n    frequency_penalty = edge_n_used * 0.1\n    \n    # Step 3: Adaptive normalization - Rescale distances based on global mean\n    avg_edge_distance = np.mean(edge_distance[edge_distance > 0])\n    normalized_distance = edge_distance / (avg_edge_distance + 1e-8)\n    \n    # Combine all components with reduced complexity\n    updated_edge_distance += structural_rewards - frequency_penalty + normalized_distance * 0.1\n    \n    # Ensure no negative distances\n    updated_edge_distance = np.maximum(updated_edge_distance, 0)\n    \n    return updated_edge_distance",
          "objective": 0.5013,
          "other_inf": null,
          "metadata": {
               "operator": "m3",
               "wisdom_tips": [
                    "Dynamically reshape problem representations using structural insights and instance-specific feedback to balance exploration and exploitation.",
                    "Integrate adaptive, non-linear scaling of decision factors to iteratively refine solution quality while preserving diversity in the search space.",
                    "Design adaptive hybrid meta-heuristics synergistically fusing multiple search paradigms and dynamically tune operator parameters based on search stage or problem features"
               ],
               "attention_focus": "experimenting with hybrid strategy combinations",
               "generation_tendency": "focus_exploration",
               "timestamp": 1757152026.4940002
          }
     },
     {
          "algorithm": "```",
          "code": "import numpy as np\n\ndef update_edge_distance(edge_distance, local_opt_tour, edge_n_used):\n    num_nodes = edge_distance.shape[0]\n    updated_edge_distance = edge_distance.copy()\n    \n    # Step 1: Simplified structural perturbation - Adjust distances based on local tour structure\n    structural_rewards = np.zeros((num_nodes, num_nodes))\n    for i in range(len(local_opt_tour)):\n        u = local_opt_tour[i]\n        v = local_opt_tour[(i + 1) % len(local_opt_tour)]\n        structural_rewards[u, v] += 0.2  # Simplified reward without exponential scaling\n        structural_rewards[v, u] += 0.2\n    \n    # Step 2: Simplified edge-frequency penalization - Linear penalty scaling\n    frequency_penalty = edge_n_used * 0.1  # Linear penalty instead of exponential\n    \n    # Step 3: Simplified objective reshaping - Adaptive weights based on mean distance\n    avg_edge_distance = np.mean(edge_distance[edge_distance > 0])\n    objective_weights = np.where(edge_distance > avg_edge_distance, 0.5, 1.5)  # Binary adaptive weights\n    reshaped_distance = edge_distance * objective_weights * 0.1\n    \n    # Combine all components\n    updated_edge_distance += structural_rewards - frequency_penalty + reshaped_distance\n    \n    # Ensure no negative distances\n    updated_edge_distance = np.maximum(updated_edge_distance, 0)\n    \n    return updated_edge_distance",
          "objective": 0.68664,
          "other_inf": null,
          "metadata": {
               "operator": "m3",
               "wisdom_tips": [
                    "Dynamically reshape problem representations using structural insights and instance-specific feedback to balance exploration and exploitation.",
                    "Integrate adaptive, non-linear scaling of decision factors to iteratively refine solution quality while preserving diversity in the search space.",
                    "Design adaptive hybrid meta-heuristics synergistically fusing multiple search paradigms and dynamically tune operator parameters based on search stage or problem features"
               ],
               "attention_focus": "experimenting with hybrid strategy combinations",
               "generation_tendency": "focus_exploration",
               "timestamp": 1757152026.488839
          }
     },
     {
          "algorithm": "Hybrid meta-heuristic combining frequency-based penalties, structural rewards derived from subtour diversity, and dynamic noise injection guided by edge centrality to reshape the distance matrix.",
          "code": "import numpy as np\n\ndef update_edge_distance(edge_distance, local_opt_tour, edge_n_used):\n    num_nodes = edge_distance.shape[0]\n    updated_edge_distance = edge_distance.copy()\n    \n    # Step 1: Structural rewards - Encourage diverse subtour connections based on node distances\n    subtour_distances = np.zeros((num_nodes, num_nodes))\n    for i in range(len(local_opt_tour)):\n        u = local_opt_tour[i]\n        v = local_opt_tour[(i + 1) % len(local_opt_tour)]\n        subtour_distances[u, v] += edge_distance[u, v]\n        subtour_distances[v, u] += edge_distance[v, u]\n    max_subtour_distance = np.max(subtour_distances[subtour_distances > 0])\n    structural_rewards = (max_subtour_distance - subtour_distances) * 0.2\n    structural_rewards = np.maximum(structural_rewards, 0)\n    \n    # Step 2: Frequency-based penalties - Dynamically scale penalties using a hybrid logarithmic-exponential model\n    log_penalty = np.log(edge_n_used + 1) * 0.1\n    exp_penalty = (edge_n_used ** 0.3) * 0.15\n    frequency_penalties = log_penalty + exp_penalty\n    \n    # Step 3: Dynamic noise injection - Modulate noise intensity by edge centrality\n    edge_centrality = np.sum(edge_distance > 0, axis=1) / num_nodes\n    centrality_factor = np.outer(edge_centrality, edge_centrality)\n    dynamic_noise = centrality_factor * (np.random.rand(num_nodes, num_nodes) - 0.5) * 0.1\n    \n    # Combine all components\n    updated_edge_distance += structural_rewards - frequency_penalties + dynamic_noise\n    \n    # Ensure no negative distances\n    updated_edge_distance = np.maximum(updated_edge_distance, 0)\n    \n    return updated_edge_distance",
          "objective": 0.7204,
          "other_inf": null,
          "metadata": {
               "operator": "m1",
               "wisdom_tips": [
                    "Design adaptive hybrid meta-heuristics synergistically fusing multiple search paradigms and dynamically tune operator parameters based on search stage or problem features",
                    "Employ machine learning or pattern recognition to mine deep problem structures and optimal solution patterns then use learned insights to intelligently bias towards promising search regions or constructive choices",
                    "Explore objective function engineering by introducing auxiliary or surrogate objectives or by dynamically adjusting weights to reshape the search landscape aiding escape from local optima or guiding diverse exploration"
               ],
               "attention_focus": "experimenting with hybrid strategy combinations",
               "generation_tendency": "focus_exploration",
               "timestamp": 1757151934.85817
          }
     },
     {
          "algorithm": "```",
          "code": "import numpy as np\n\ndef update_edge_distance(edge_distance, local_opt_tour, edge_n_used):\n    num_nodes = edge_distance.shape[0]\n    updated_edge_distance = edge_distance.copy()\n    \n    # Step 1: Simplified structural perturbation - Adjust distances based on local tour structure\n    structural_rewards = np.zeros((num_nodes, num_nodes))\n    for i in range(len(local_opt_tour)):\n        u = local_opt_tour[i]\n        v = local_opt_tour[(i + 1) % len(local_opt_tour)]\n        structural_rewards[u, v] += 0.2  # Linear reward to reduce overfitting\n        structural_rewards[v, u] += 0.2\n    \n    # Step 2: Simplified edge-frequency penalization - Linear penalty scaling for overused edges\n    frequency_penalty = edge_n_used * 0.1  # Linear penalty instead of exponential\n    \n    # Step 3: Simplified objective reshaping - Adaptive weights with reduced complexity\n    avg_edge_distance = np.mean(edge_distance[edge_distance > 0])\n    reshaped_distance = edge_distance * (edge_distance > avg_edge_distance) * 0.15\n    \n    # Combine all components\n    updated_edge_distance += structural_rewards - frequency_penalty + reshaped_distance\n    \n    # Ensure no negative distances\n    updated_edge_distance = np.maximum(updated_edge_distance, 0)\n    \n    return updated_edge_distance",
          "objective": 0.77191,
          "other_inf": null,
          "metadata": {
               "operator": "m3",
               "wisdom_tips": [
                    "Dynamically reshape problem representations using structural insights and instance-specific feedback to balance exploration and exploitation.",
                    "Integrate adaptive, non-linear scaling of decision factors to iteratively refine solution quality while preserving diversity in the search space.",
                    "Design adaptive hybrid meta-heuristics synergistically fusing multiple search paradigms and dynamically tune operator parameters based on search stage or problem features"
               ],
               "attention_focus": "experimenting with hybrid strategy combinations",
               "generation_tendency": "focus_exploration",
               "timestamp": 1757152047.5805418
          }
     }
]