[
    {
        "generation": 1,
        "timestamp": 1757152077.217634,
        "best_fitness": 0.35553,
        "diversity": 1.0,
        "current_wisdom_count": 11,
        "recent_wisdom": [
            "Integrate adaptive, non-linear scaling of decision factors to iteratively refine solution quality while preserving diversity in the search space.",
            "Dynamically integrate structural perturbations with adaptive scaling techniques to balance exploration and exploitation effectively.",
            "Leverage problem-specific feedback through non-linear transformations and penalization strategies to iteratively refine solution quality."
        ],
        "meta_guidance": null
    },
    {
        "generation": 2,
        "timestamp": 1757152439.7998772,
        "best_fitness": 0.22093,
        "diversity": 1.0,
        "current_wisdom_count": 19,
        "recent_wisdom": [
            "Use adaptive weighting and frequency-based penalties to balance exploitation of known good solutions with exploration of underutilized options.",
            "Dynamically reshape the search landscape by integrating adaptive penalties and rewards to escape local optima effectively.",
            "Leverage structural properties, such as centrality or entropy, to guide decision-making while maintaining exploration-exploitation balance."
        ],
        "meta_guidance": null
    },
    {
        "generation": 3,
        "timestamp": 1757152803.574878,
        "best_fitness": 0.22093,
        "diversity": 0.8928571428571429,
        "current_wisdom_count": 23,
        "recent_wisdom": [
            "Leverage structural reinforcement and centrality-based strategies to guide exploration toward high-potential regions of the solution space.",
            "Combine structural reinforcement with non-linear adjustments to balance exploration and exploitation in combinatorial optimization.",
            "Leverage adaptive mechanisms that adjust based on instance-specific characteristics, such as node centrality or curvature, to enhance exploration and exploitation balance."
        ],
        "meta_guidance": null
    },
    {
        "generation": 4,
        "timestamp": 1757153201.6416352,
        "best_fitness": 0.07466,
        "diversity": 0.8928571428571429,
        "current_wisdom_count": 30,
        "recent_wisdom": [
            "Integrate stochastic or non-linear perturbations to escape local optima and promote diversity in the search process for improved global convergence.",
            "Integrate dynamic reward and penalty adjustments with noise injection to balance exploration and exploitation effectively.",
            "Leverage stochastic mechanisms to escape local optima while scaling adaptively based on problem complexity."
        ],
        "meta_guidance": null
    },
    {
        "generation": 5,
        "timestamp": 1757153579.4222841,
        "best_fitness": 0.05687,
        "diversity": 0.9642857142857143,
        "current_wisdom_count": 30,
        "recent_wisdom": [
            "Combine reward-penalty systems with stochastic noise injection to balance exploitation and exploration effectively.",
            "Integrate dynamic penalty and reward mechanisms to reshape the search landscape and enhance escape from local optima.",
            "Leverage topology-aware or centrality-based strategies to guide exploration while maintaining adaptability to problem-specific structures."
        ],
        "meta_guidance": null
    },
    {
        "generation": 6,
        "timestamp": 1757153948.993952,
        "best_fitness": 0.05687,
        "diversity": 0.9642857142857143,
        "current_wisdom_count": 30,
        "recent_wisdom": [
            "Leverage topology-aware or centrality-based strategies to guide decision-making while maintaining robustness against local optima traps.",
            "Leverage topology-aware or centrality-based strategies to guide exploration while injecting controlled stochasticity for enhanced adaptability.",
            "Leverage problem-specific structural insights, such as topology or centrality, to guide stochastic decision-making and improve solution quality."
        ],
        "meta_guidance": null
    },
    {
        "generation": 7,
        "timestamp": 1757154384.038789,
        "best_fitness": 0.05687,
        "diversity": 0.9642857142857143,
        "current_wisdom_count": 30,
        "recent_wisdom": [
            "Leverage topology-aware or centrality-based strategies to guide decision-making while maintaining stochastic flexibility for escaping local optima.",
            "Integrate dynamic reward and penalty mechanisms to reshape the search landscape and balance exploration with exploitation effectively.",
            "Integrate adaptive penalties and rewards to dynamically reshape the search landscape and enhance exploration of solution spaces."
        ],
        "meta_guidance": null
    },
    {
        "generation": 8,
        "timestamp": 1757154848.300843,
        "best_fitness": 0.05687,
        "diversity": 0.8928571428571429,
        "current_wisdom_count": 30,
        "recent_wisdom": [
            "Leverage topology-aware or centrality-based strategies to guide decision-making while preserving adaptability to escape local optima.",
            "Integrate dynamic reward-penalty systems to reshape the search landscape and enhance exploration while mitigating local optima entrapment.",
            "Leverage topology-aware or centrality-based strategies to guide decision-making with scalable, problem-adaptive mechanisms."
        ],
        "meta_guidance": null
    }
]