{
     "algorithm": "A hybrid strategy that integrates gradient-inspired rewards, exponential penalties, and topology-aware noise to dynamically reshape the search landscape and escape local optima.",
     "code": "import numpy as np\n\ndef update_edge_distance(edge_distance, local_opt_tour, edge_n_used):\n    num_nodes = edge_distance.shape[0]\n    updated_edge_distance = edge_distance.copy()\n    \n    # Step 1: Dynamic reward based on gradient-inspired diversity - Reward edges inversely proportional to their gradient of usage change\n    usage_gradient = np.abs(np.gradient(edge_n_used, axis=1)) + 1e-10\n    gradient_rewards = np.zeros((num_nodes, num_nodes))\n    for i in range(len(local_opt_tour)):\n        u = local_opt_tour[i]\n        v = local_opt_tour[(i + 1) % len(local_opt_tour)]\n        gradient_rewards[u, v] += 1 / usage_gradient[u, v]\n        gradient_rewards[v, u] += 1 / usage_gradient[v, u]\n    \n    # Step 2: Non-linear adaptive penalties - Penalize edges exponentially based on their relative frequency of use\n    normalized_usage = edge_n_used / (np.max(edge_n_used) + 1e-10)\n    exponential_penalty = np.exp(normalized_usage) * 0.1\n    \n    # Step 3: Stochastic noise modulation with topology-aware scaling - Inject noise scaled by the average distance of connected nodes\n    avg_connected_distance = np.mean(edge_distance, axis=1)\n    topology_noise = np.outer(avg_connected_distance, avg_connected_distance) * (np.random.rand(num_nodes, num_nodes) - 0.5) * 0.1\n    \n    # Combine all components\n    updated_edge_distance += gradient_rewards - exponential_penalty + topology_noise\n    \n    # Ensure no negative distances\n    updated_edge_distance = np.maximum(updated_edge_distance, 0)\n    \n    return updated_edge_distance",
     "objective": 0.05687,
     "other_inf": null,
     "metadata": {
          "operator": "e2",
          "wisdom_tips": [
               "Integrate dynamic reward and penalty adjustments with noise injection to balance exploration and exploitation effectively.",
               "Leverage stochastic mechanisms to escape local optima while scaling adaptively based on problem complexity.",
               "Incorporate dynamic reward and penalty systems to guide the search process toward high-quality solutions while avoiding over-reliance on frequently used components."
          ],
          "attention_focus": "experimenting with hybrid strategy combinations",
          "generation_tendency": "focus_exploration",
          "timestamp": 1757153326.474077
     }
}