{
     "algorithm": "A hybrid strategy combining logarithmic edge-frequency penalization, dynamic centrality-based rewards with cubic scaling, and stochastic noise injection to escape local optima.",
     "code": "import numpy as np\n\ndef update_edge_distance(edge_distance, local_opt_tour, edge_n_used):\n    num_nodes = edge_distance.shape[0]\n    updated_edge_distance = edge_distance.copy()\n    \n    # Step 1: Dynamic centrality-based rewards - Reward edges using cubic scaling of node centrality in the local tour\n    degree_centrality = np.zeros(num_nodes)\n    for i in range(len(local_opt_tour)):\n        u = local_opt_tour[i]\n        v = local_opt_tour[(i + 1) % len(local_opt_tour)]\n        degree_centrality[u] += 1\n        degree_centrality[v] += 1\n    structural_rewards = np.zeros((num_nodes, num_nodes))\n    for i in range(len(local_opt_tour)):\n        u = local_opt_tour[i]\n        v = local_opt_tour[(i + 1) % len(local_opt_tour)]\n        reward = (degree_centrality[u] ** 3) + (degree_centrality[v] ** 3)\n        structural_rewards[u, v] += reward\n        structural_rewards[v, u] += reward\n    \n    # Step 2: Logarithmic edge-frequency penalization - Apply penalties based on logarithmic scaling of edge usage frequency\n    frequency_penalty = 2.0 * np.log(1 + edge_n_used)\n    \n    # Step 3: Stochastic noise injection - Add random noise proportional to average edge distance for exploration\n    avg_edge_distance = np.mean(edge_distance[edge_distance > 0])\n    noise = np.random.uniform(-0.1 * avg_edge_distance, 0.1 * avg_edge_distance, size=(num_nodes, num_nodes))\n    noise = np.triu(noise) + np.triu(noise).T  # Ensure symmetry\n    \n    # Combine all components\n    updated_edge_distance += structural_rewards - frequency_penalty + noise\n    \n    # Ensure no negative distances\n    updated_edge_distance = np.maximum(updated_edge_distance, 0)\n    \n    return updated_edge_distance",
     "objective": 0.07466,
     "other_inf": null,
     "metadata": {
          "operator": "m2",
          "wisdom_tips": [
               "Dynamically adjust rewards and penalties based on structural usage and frequency to balance exploitation of high-value components with exploration of underutilized alternatives.",
               "Introduce non-linear transformations and noise injection to escape local optima and enhance the robustness of solution-search processes.",
               "Dynamically adjust rewards and penalties based on structural properties and usage patterns to escape local optima while preserving solution quality."
          ],
          "attention_focus": "experimenting with hybrid strategy combinations",
          "generation_tendency": "focus_exploration",
          "timestamp": 1757153097.701321
     }
}