{
     "algorithm": "```",
     "code": "import numpy as np\n\ndef update_edge_distance(edge_distance, local_opt_tour, edge_n_used):\n    num_nodes = edge_distance.shape[0]\n    updated_edge_distance = edge_distance.copy()\n    \n    # Step 1: Structural perturbation - Simplified adjustment based on local tour structure\n    structural_rewards = np.zeros((num_nodes, num_nodes))\n    for i in range(len(local_opt_tour)):\n        u = local_opt_tour[i]\n        v = local_opt_tour[(i + 1) % len(local_opt_tour)]\n        structural_rewards[u, v] += 0.2\n        structural_rewards[v, u] += 0.2\n    \n    # Step 2: Linear edge-frequency penalization - Simplified scaling for overused edges\n    frequency_penalty = edge_n_used * 0.1  # Linear penalty scaling\n    \n    # Step 3: Adaptive distance reshaping - Simplified adaptive weights\n    avg_edge_distance = np.mean(edge_distance[edge_distance > 0])\n    reshaped_distance = edge_distance * (edge_distance < avg_edge_distance).astype(float) * 0.2\n    \n    # Combine all components\n    updated_edge_distance += structural_rewards - frequency_penalty + reshaped_distance\n    \n    # Ensure no negative distances\n    updated_edge_distance = np.maximum(updated_edge_distance, 0)\n    \n    return updated_edge_distance",
     "objective": 0.35553,
     "other_inf": null,
     "metadata": {
          "operator": "m3",
          "wisdom_tips": [
               "Dynamically reshape problem representations using structural insights and instance-specific feedback to balance exploration and exploitation.",
               "Integrate adaptive, non-linear scaling of decision factors to iteratively refine solution quality while preserving diversity in the search space.",
               "Design adaptive hybrid meta-heuristics synergistically fusing multiple search paradigms and dynamically tune operator parameters based on search stage or problem features"
          ],
          "attention_focus": "experimenting with hybrid strategy combinations",
          "generation_tendency": "focus_exploration",
          "timestamp": 1757152045.176661
     }
}