{
     "algorithm": "A hybrid strategy combining exponential edge-frequency penalization, adaptive structural rewards based on node centrality, and non-linear distance reshaping to dynamically escape local optima.",
     "code": "import numpy as np\n\ndef update_edge_distance(edge_distance, local_opt_tour, edge_n_used):\n    num_nodes = edge_distance.shape[0]\n    updated_edge_distance = edge_distance.copy()\n    \n    # Step 1: Adaptive structural rewards - Reward edges based on node centrality in the local tour\n    degree_centrality = np.zeros(num_nodes)\n    for i in range(len(local_opt_tour)):\n        u = local_opt_tour[i]\n        v = local_opt_tour[(i + 1) % len(local_opt_tour)]\n        degree_centrality[u] += 1\n        degree_centrality[v] += 1\n    structural_rewards = np.zeros((num_nodes, num_nodes))\n    for i in range(len(local_opt_tour)):\n        u = local_opt_tour[i]\n        v = local_opt_tour[(i + 1) % len(local_opt_tour)]\n        reward = np.log(1 + degree_centrality[u]) + np.log(1 + degree_centrality[v])\n        structural_rewards[u, v] += reward\n        structural_rewards[v, u] += reward\n    \n    # Step 2: Exponential edge-frequency penalization - Stronger penalties for overused edges\n    frequency_penalty = 0.5 * (np.exp(edge_n_used / np.max(edge_n_used)) - 1)\n    \n    # Step 3: Non-linear distance reshaping - Reshape distances using a quadratic scaling factor\n    avg_edge_distance = np.mean(edge_distance[edge_distance > 0])\n    reshaped_distance = (edge_distance < avg_edge_distance).astype(float) * (edge_distance ** 2) * 0.1\n    \n    # Combine all components\n    updated_edge_distance += structural_rewards - frequency_penalty + reshaped_distance\n    \n    # Ensure no negative distances\n    updated_edge_distance = np.maximum(updated_edge_distance, 0)\n    \n    return updated_edge_distance",
     "objective": 0.22093,
     "other_inf": null,
     "metadata": {
          "operator": "m2",
          "wisdom_tips": [
               "Employ adaptive weighting mechanisms that adjust based on instance-specific feedback to enhance robustness and scalability across problem domains.",
               "Use adaptive weighting schemes to reshape decision landscapes based on evolving problem-specific feedback.",
               "Design adaptive hybrid meta-heuristics synergistically fusing multiple search paradigms and dynamically tune operator parameters based on search stage or problem features"
          ],
          "attention_focus": "experimenting with hybrid strategy combinations",
          "generation_tendency": "focus_exploration",
          "timestamp": 1757152304.716039
     }
}